SNP_ID	CHROM	POS	REF	Allele	Annotation	Annotation_Impact	Gene_Name	Gene_ID	Feature_Type	Feature_ID	Transcript_BioType
S04_65247351	04	65247351	T	C	upstream_gene_variant	MODIFIER	SORBI_3004G316600	SORBI_3004G316600			
S09_46496838	09	46496838	AT	A	downstream_gene_variant	MODIFIER	SORBI_3009G118900	SORBI_3009G118900			
S08_56884109	08	56884109	C	T	intergenic_region	MODIFIER	SORBI_3008G139100-SORBI_3008G139200	SORBI_3008G139100-SORBI_3008G139200			
S05_46516607	05	46516607	G	A	intergenic_region	MODIFIER	SSU_rRNA_eukarya-SORBI_3005G115200	ENSRNA049485575-SORBI_3005G115200			
S06_11168912	06	11168912	A	C	intergenic_region	MODIFIER	SORBI_3006G035700-SORBI_3006G035800	SORBI_3006G035700-SORBI_3006G035800			
SSUPER_22_378677	SUPER_22	378677	C	T		MODIFIER					
S06_45415791	06	45415791	C	T	upstream_gene_variant	MODIFIER	SORBI_3006G084900	SORBI_3006G084900			
S05_43112348	05	43112348	A	G	intergenic_region	MODIFIER	SORBI_3005G114400-SORBI_3005G114500	SORBI_3005G114400-SORBI_3005G114500			
S02_43543785	02	43543785	C	T	intergenic_region	MODIFIER	SORBI_3002G150733-SORBI_3002G150766	SORBI_3002G150733-SORBI_3002G150766			
S08_41443231	08	41443231	A	G	intergenic_region	MODIFIER	SORBI_3008G092600-SORBI_3008G092701	SORBI_3008G092600-SORBI_3008G092701			
S09_26681222	09	26681222	C	T	intergenic_region	MODIFIER	SORBI_3009G095400-SORBI_3009G095480	SORBI_3009G095400-SORBI_3009G095480			
S05_33924958	05	33924958	T	C	intergenic_region	MODIFIER	SORBI_3005G110508-SORBI_3005G110511	SORBI_3005G110508-SORBI_3005G110511			
S02_3790197	02	3790197	T	C	intergenic_region	MODIFIER	SORBI_3002G038866-SORBI_3002G039000	SORBI_3002G038866-SORBI_3002G039000			
S08_12501030	08	12501030	C	T	intergenic_region	MODIFIER	SORBI_3008G078800-SORBI_3008G078900	SORBI_3008G078800-SORBI_3008G078900			
S08_29896148	08	29896148	C	G	intergenic_region	MODIFIER	SORBI_3008G088890-SORBI_3008G088900	SORBI_3008G088890-SORBI_3008G088900			
S04_50373103	04	50373103	A	G	intergenic_region	MODIFIER	SORBI_3004G158300-SORBI_3004G158400	SORBI_3004G158300-SORBI_3004G158400			
S05_86949	05	86949	G	GC	upstream_gene_variant	MODIFIER	SORBI_3005G001000	SORBI_3005G001000			
S10_38504754	10	38504754	G	A	intergenic_region	MODIFIER	SORBI_3010G143800-SORBI_3010G143900	SORBI_3010G143800-SORBI_3010G143900			
S03_50612948	03	50612948	C	T	intergenic_region	MODIFIER	SORBI_3003G187200-SORBI_3003G187400	SORBI_3003G187200-SORBI_3003G187400			
S01_57691875	01	57691875	A	G	intergenic_region	MODIFIER	SORBI_3001G297000-SORBI_3001G297200	SORBI_3001G297000-SORBI_3001G297200			
S07_19607273	07	19607273	C	G	intergenic_region	MODIFIER	SORBI_3007G098400-tRNA-His	SORBI_3007G098400-ENSRNA049440638			
S02_64665192	02	64665192	T	C	downstream_gene_variant	MODIFIER	SORBI_3002G261450	SORBI_3002G261450			
S02_15300590	02	15300590	A	G	intergenic_region	MODIFIER	SORBI_3002G120300-SORBI_3002G120400	SORBI_3002G120300-SORBI_3002G120400			
S05_19343783	05	19343783	T	C	intergenic_region	MODIFIER	sbi-MIR172f-SORBI_3005G105300	ENSRNA049996183-SORBI_3005G105300			
S01_54732172	01	54732172	T	C	3_prime_UTR_variant	MODIFIER	SORBI_3001G279900	SORBI_3001G279900			
S02_17462557	02	17462557	C	T	intergenic_region	MODIFIER	SORBI_3002G126900-SORBI_3002G127100	SORBI_3002G126900-SORBI_3002G127100			
S09_38067020	09	38067020	A	G	intergenic_region	MODIFIER	SORBI_3009G098900-SORBI_3009G099000	SORBI_3009G098900-SORBI_3009G099000			
S04_10981940	04	10981940	T	C	intergenic_region	MODIFIER	SORBI_3004G111400-SORBI_3004G111500	SORBI_3004G111400-SORBI_3004G111500			
S09_34961209	09	34961209	G	A	intergenic_region	MODIFIER	SORBI_3009G097100-SORBI_3009G097200	SORBI_3009G097100-SORBI_3009G097200			
S08_49869287	08	49869287	C	T	downstream_gene_variant	MODIFIER	SORBI_3008G105850	SORBI_3008G105850			
S02_29158487	02	29158487	C	T	intergenic_region	MODIFIER	SORBI_3002G146000-SORBI_3002G146100	SORBI_3002G146000-SORBI_3002G146100			
S02_16909819	02	16909819	C	T	upstream_gene_variant	MODIFIER	SORBI_3002G125300	SORBI_3002G125300			
S04_41768109	04	41768109	G	T	intergenic_region	MODIFIER	SORBI_3004G141800-SORBI_3004G142000	SORBI_3004G141800-SORBI_3004G142000			
S01_15431375	01	15431375	A	G	upstream_gene_variant	MODIFIER	SORBI_3001G182200	SORBI_3001G182200			
S03_27917629	03	27917629	C	G	intergenic_region	MODIFIER	SORBI_3003G167875-SORBI_3003G167900	SORBI_3003G167875-SORBI_3003G167900			
S08_41863606	08	41863606	T	C	intergenic_region	MODIFIER	SORBI_3008G092866-SORBI_3008G092932	SORBI_3008G092866-SORBI_3008G092932			
S01_77624216	01	77624216	C	G	missense_variant	MODERATE	SORBI_3001G508300	SORBI_3001G508300			
S08_50127792	08	50127792	T	C	intergenic_region	MODIFIER	SORBI_3008G106400-SORBI_3008G106500	SORBI_3008G106400-SORBI_3008G106500			
S03_26248862	03	26248862	G	A	upstream_gene_variant	MODIFIER	SORBI_3003G167000	SORBI_3003G167000			
S09_42655546	09	42655546	C	T	downstream_gene_variant	MODIFIER	SORBI_3009G105000	SORBI_3009G105000			
S06_46706131	06	46706131	T	C	upstream_gene_variant	MODIFIER	SORBI_3006G097300	SORBI_3006G097300			
S04_28425194	04	28425194	G	C	intergenic_region	MODIFIER	SORBI_3004G135366-SORBI_3004G135400	SORBI_3004G135366-SORBI_3004G135400			
S08_44282516	08	44282516	T	C	intergenic_region	MODIFIER	SORBI_3008G094150-SORBI_3008G094300	SORBI_3008G094150-SORBI_3008G094300			
S08_43377911	08	43377911	C	T	intergenic_region	MODIFIER	SORBI_3008G093500-SORBI_3008G093600	SORBI_3008G093500-SORBI_3008G093600			
S08_48539906	08	48539906	C	T	intergenic_region	MODIFIER	SORBI_3008G102050-SORBI_3008G102100	SORBI_3008G102050-SORBI_3008G102100			
S08_11235420	08	11235420	A	G	intergenic_region	MODIFIER	SORBI_3008G075600-SORBI_3008G075700	SORBI_3008G075600-SORBI_3008G075700			
S07_49287642	07	49287642	C	T	intergenic_region	MODIFIER	SORBI_3007G114401-SORBI_3007G114500	SORBI_3007G114401-SORBI_3007G114500			
S02_36897168	02	36897168	G	A	intergenic_region	MODIFIER	SORBI_3002G147500-SORBI_3002G147600	SORBI_3002G147500-SORBI_3002G147600			
SSUPER_32_213143	SUPER_32	213143	C	T		MODIFIER					
S02_10908653	02	10908653	T	C	intergenic_region	MODIFIER	SORBI_3002G099350-SORBI_3002G099401	SORBI_3002G099350-SORBI_3002G099401			
S03_31978175	03	31978175	G	A	intergenic_region	MODIFIER	SORBI_3003G170700-SORBI_3003G170800	SORBI_3003G170700-SORBI_3003G170800			
S01_54643354	01	54643354	G	A	intergenic_region	MODIFIER	SORBI_3001G279701-SORBI_3001G279800	SORBI_3001G279701-SORBI_3001G279800			
SSUPER_29_273602	SUPER_29	273602	T	C		MODIFIER					
S06_58675347	06	58675347	C	T	intron_variant	MODIFIER	SORBI_3006G247500	SORBI_3006G247500			
S05_15949995	05	15949995	C	T	intergenic_region	MODIFIER	SORBI_3005G098100-SORBI_3005G098250	SORBI_3005G098100-SORBI_3005G098250			
S04_68616335	04	68616335	C	A	intergenic_region	MODIFIER	SORBI_3004G359300-SORBI_3004G359400	SORBI_3004G359300-SORBI_3004G359400			
S04_48936988	04	48936988	C	CT	intergenic_region	MODIFIER	SORBI_3004G154300-SORBI_3004G154400	SORBI_3004G154300-SORBI_3004G154400			
SSUPER_22_324186	SUPER_22	324186	C	G		MODIFIER					
S04_52134442	04	52134442	C	T	intergenic_region	MODIFIER	SORBI_3004G169800-SORBI_3004G169900	SORBI_3004G169800-SORBI_3004G169900			
S07_54037617	07	54037617	G	A	intergenic_region	MODIFIER	SORBI_3007G126600-SORBI_3007G126800	SORBI_3007G126600-SORBI_3007G126800			
S10_13769783	10	13769783	T	C	intergenic_region	MODIFIER	SORBI_3010G120200-SORBI_3010G120300	SORBI_3010G120200-SORBI_3010G120300			
S06_35114389	06	35114389	A	G	intergenic_region	MODIFIER	SORBI_3006G048775-SORBI_3006G048850	SORBI_3006G048775-SORBI_3006G048850			
S10_9581381	10	9581381	A	G	upstream_gene_variant	MODIFIER	SORBI_3010G102800	SORBI_3010G102800			
S05_14261294	05	14261294	A	G	intron_variant	MODIFIER	SORBI_3005G092500	SORBI_3005G092500			
S07_51278488	07	51278488	G	T	intergenic_region	MODIFIER	SORBI_3007G119000-SORBI_3007G119101	SORBI_3007G119000-SORBI_3007G119101			
S02_20912485	02	20912485	G	T	downstream_gene_variant	MODIFIER	SORBI_3002G137300	SORBI_3002G137300			
S08_54514990	08	54514990	G	C	missense_variant	MODERATE	SORBI_3008G122700	SORBI_3008G122700			
S10_55435642	10	55435642	C	T	upstream_gene_variant	MODIFIER	SORBI_3010G211200	SORBI_3010G211200			
S03_32156582	03	32156582	G	T	intergenic_region	MODIFIER	SORBI_3003G170700-SORBI_3003G170800	SORBI_3003G170700-SORBI_3003G170800			
S02_27381981	02	27381981	T	C	intergenic_region	MODIFIER	SORBI_3002G144966-SORBI_3002G145000	SORBI_3002G144966-SORBI_3002G145000			
S02_2274773	02	2274773	T	C	downstream_gene_variant	MODIFIER	SORBI_3002G024500	SORBI_3002G024500			
S10_41083547	10	41083547	G	A	intergenic_region	MODIFIER	SORBI_3010G145300-SORBI_3010G145500	SORBI_3010G145300-SORBI_3010G145500			
S04_22541703	04	22541703	T	C	intergenic_region	MODIFIER	SORBI_3004G134100-SORBI_3004G134200	SORBI_3004G134100-SORBI_3004G134200			
S08_61928889	08	61928889	A	G	missense_variant	MODERATE	SORBI_3008G184900	SORBI_3008G184900			
S02_34730774	02	34730774	G	A	intergenic_region	MODIFIER	MIR444-MIR444	ENSRNA049465492-ENSRNA049465688			
S06_27462632	06	27462632	C	A	intergenic_region	MODIFIER	SORBI_3006G041700-SORBI_3006G041750	SORBI_3006G041700-SORBI_3006G041750			
SSUPER_80_62297	SUPER_80	62297	G	A		MODIFIER					
S08_8319381	08	8319381	C	T	intergenic_region	MODIFIER	SORBI_3008G069300-SORBI_3008G069401	SORBI_3008G069300-SORBI_3008G069401			
S05_56923267	05	56923267	T	TA	intergenic_region	MODIFIER	SORBI_3005G130600-SORBI_3005G130700	SORBI_3005G130600-SORBI_3005G130700			
S03_32472392	03	32472392	C	A	intergenic_region	MODIFIER	SORBI_3003G170800-SORBI_3003G170900	SORBI_3003G170800-SORBI_3003G170900			
S05_60330667	05	60330667	C	T	intergenic_region	MODIFIER	SORBI_3005G141801-SORBI_3005G141900	SORBI_3005G141801-SORBI_3005G141900			
S03_53433817	03	53433817	T	A	upstream_gene_variant	MODIFIER	SORBI_3003G204400	SORBI_3003G204400			
S10_18362807	10	18362807	A	T	intergenic_region	MODIFIER	SORBI_3010G132600-SORBI_3010G132700	SORBI_3010G132600-SORBI_3010G132700			
S06_11395130	06	11395130	A	G	intergenic_region	MODIFIER	SORBI_3006G036000-SORBI_3006G036100	SORBI_3006G036000-SORBI_3006G036100			
S05_42518181	05	42518181	G	A	intergenic_region	MODIFIER	SORBI_3005G114101-SORBI_3005G114201	SORBI_3005G114101-SORBI_3005G114201			
S03_37759669	03	37759669	G	T	intergenic_region	MODIFIER	SORBI_3003G171500-SORBI_3003G171701	SORBI_3003G171500-SORBI_3003G171701			
S07_41026124	07	41026124	G	C	intergenic_region	MODIFIER	SORBI_3007G111100-SORBI_3007G111150	SORBI_3007G111100-SORBI_3007G111150			
S07_17108962	07	17108962	C	A	intergenic_region	MODIFIER	SORBI_3007G094050-sbi-MIR5387a	SORBI_3007G094050-ENSRNA049995871			
S02_43329698	02	43329698	C	A	intergenic_region	MODIFIER	SORBI_3002G150733-SORBI_3002G150766	SORBI_3002G150733-SORBI_3002G150766			
S02_12180019	02	12180019	G	A	upstream_gene_variant	MODIFIER	SORBI_3002G103800	SORBI_3002G103800			
S06_43486314	06	43486314	T	C	intron_variant	MODIFIER	SORBI_3006G072501	SORBI_3006G072501			
S04_41975953	04	41975953	T	C	intergenic_region	MODIFIER	SORBI_3004G142000-SORBI_3004G142201	SORBI_3004G142000-SORBI_3004G142201			
S07_56943875	07	56943875	C	T	upstream_gene_variant	MODIFIER	SORBI_3007G140400	SORBI_3007G140400			
S02_24529537	02	24529537	G	A	intergenic_region	MODIFIER	SORBI_3002G143300-SORBI_3002G143450	SORBI_3002G143300-SORBI_3002G143450			
S09_31338870	09	31338870	T	C	intergenic_region	MODIFIER	SORBI_3009G095720-SORBI_3009G095800	SORBI_3009G095720-SORBI_3009G095800			
S03_31926204	03	31926204	G	C	intergenic_region	MODIFIER	SORBI_3003G170700-SORBI_3003G170800	SORBI_3003G170700-SORBI_3003G170800			
S02_23201115	02	23201115	T	C	intergenic_region	MODIFIER	SORBI_3002G142132-SORBI_3002G142200	SORBI_3002G142132-SORBI_3002G142200			
S10_24243965	10	24243965	C	CT	intergenic_region	MODIFIER	SORBI_3010G139550-SORBI_3010G139600	SORBI_3010G139550-SORBI_3010G139600			
S07_15758178	07	15758178	A	G	intergenic_region	MODIFIER	SORBI_3007G092400-SORBI_3007G092450	SORBI_3007G092400-SORBI_3007G092450			
S09_338920	09	338920	C	T	downstream_gene_variant	MODIFIER	SORBI_3009G003600	SORBI_3009G003600			
S05_86938	05	86938	G	A	upstream_gene_variant	MODIFIER	SORBI_3005G001000	SORBI_3005G001000			
S08_50565728	08	50565728	C	T	intergenic_region	MODIFIER	SORBI_3008G107300-SORBI_3008G107500	SORBI_3008G107300-SORBI_3008G107500			
S03_41596124	03	41596124	G	A	intergenic_region	MODIFIER	SORBI_3003G174400-SORBI_3003G174425	SORBI_3003G174400-SORBI_3003G174425			
S05_53519435	05	53519435	G	A	intergenic_region	MODIFIER	SORBI_3005G121300-SORBI_3005G121500	SORBI_3005G121300-SORBI_3005G121500			
S07_21611661	07	21611661	T	G	intergenic_region	MODIFIER	SORBI_3007G099100-SORBI_3007G099133	SORBI_3007G099100-SORBI_3007G099133			
S10_25284002	10	25284002	T	A	intergenic_region	MODIFIER	SORBI_3010G139600-SORBI_3010G140100	SORBI_3010G139600-SORBI_3010G140100			
S04_13525068	04	13525068	C	T	intergenic_region	MODIFIER	SORBI_3004G122100-SORBI_3004G122200	SORBI_3004G122100-SORBI_3004G122200			
S01_25299109	01	25299109	G	A	downstream_gene_variant	MODIFIER	SORBI_3001G243666	SORBI_3001G243666			
S02_47179582	02	47179582	T	C	intergenic_region	MODIFIER	SORBI_3002G155200-SORBI_3002G155301	SORBI_3002G155200-SORBI_3002G155301			
S02_44169146	02	44169146	C	T	upstream_gene_variant	MODIFIER	SORBI_3002G150866	SORBI_3002G150866			
S02_538674	02	538674	GCACA	G	upstream_gene_variant	MODIFIER	SORBI_3002G005000	SORBI_3002G005000			
S07_14994572	07	14994572	G	A	intergenic_region	MODIFIER	SORBI_3007G091200-SORBI_3007G091301	SORBI_3007G091200-SORBI_3007G091301			
S10_92608	10	92608	C	T	downstream_gene_variant	MODIFIER	SORBI_3010G001000	SORBI_3010G001000			
S03_52916465	03	52916465	T	G	upstream_gene_variant	MODIFIER	SORBI_3003G200900	SORBI_3003G200900			
S05_56801377	05	56801377	G	C	intergenic_region	MODIFIER	SORBI_3005G130500-SORBI_3005G130550	SORBI_3005G130500-SORBI_3005G130550			
S08_29896136	08	29896136	A	G	intergenic_region	MODIFIER	SORBI_3008G088890-SORBI_3008G088900	SORBI_3008G088890-SORBI_3008G088900			
S07_55098521	07	55098521	T	A	upstream_gene_variant	MODIFIER	SORBI_3007G132000	SORBI_3007G132000			
S08_17508009	08	17508009	G	A	intergenic_region	MODIFIER	SORBI_3008G086500-SORBI_3008G086700	SORBI_3008G086500-SORBI_3008G086700			
S05_71842769	05	71842769	G	A	intergenic_region	MODIFIER	SORBI_3005G232200-CHR_END	SORBI_3005G232200-CHR_END			
S07_41284085	07	41284085	G	C	intergenic_region	MODIFIER	SORBI_3007G111200-SORBI_3007G111300	SORBI_3007G111200-SORBI_3007G111300			
S05_18394365	05	18394365	T	C	intergenic_region	MODIFIER	SORBI_3005G103300-SORBI_3005G103400	SORBI_3005G103300-SORBI_3005G103400			
S09_25217724	09	25217724	G	A	intergenic_region	MODIFIER	SORBI_3009G094600-SORBI_3009G094700	SORBI_3009G094600-SORBI_3009G094700			
S04_15725720	04	15725720	G	C	intergenic_region	MODIFIER	SORBI_3004G127600-SORBI_3004G127650	SORBI_3004G127600-SORBI_3004G127650			
S07_51045278	07	51045278	G	A	intergenic_region	MODIFIER	SORBI_3007G117500-SORBI_3007G117700	SORBI_3007G117500-SORBI_3007G117700			
S09_32836433	09	32836433	A	G	intergenic_region	MODIFIER	SORBI_3009G096100-SORBI_3009G096300	SORBI_3009G096100-SORBI_3009G096300			
S06_9641475	06	9641475	C	T	intergenic_region	MODIFIER	SORBI_3006G034275-SORBI_3006G034300	SORBI_3006G034275-SORBI_3006G034300			
S07_7653467	07	7653467	C	T	intergenic_region	MODIFIER	SORBI_3007G068500-SORBI_3007G068700	SORBI_3007G068500-SORBI_3007G068700			
S09_37284538	09	37284538	GGACACGTATCTTTT	G	intergenic_region	MODIFIER	SORBI_3009G098601-SORBI_3009G098700	SORBI_3009G098601-SORBI_3009G098700			
S03_56300757	03	56300757	G	A	intergenic_region	MODIFIER	SORBI_3003G226600-SORBI_3003G226700	SORBI_3003G226600-SORBI_3003G226700			
S04_16425339	04	16425339	C	T	intergenic_region	MODIFIER	SORBI_3004G129100-SORBI_3004G129201	SORBI_3004G129100-SORBI_3004G129201			
S06_36294859	06	36294859	G	A	intergenic_region	MODIFIER	SORBI_3006G049666-SORBI_3006G049700	SORBI_3006G049666-SORBI_3006G049700			
S07_51164987	07	51164987	C	T	intergenic_region	MODIFIER	SORBI_3007G118025-SORBI_3007G118050	SORBI_3007G118025-SORBI_3007G118050			
S08_48153377	08	48153377	G	C	intergenic_region	MODIFIER	SORBI_3008G101350-SORBI_3008G101400	SORBI_3008G101350-SORBI_3008G101400			
S09_11452341	09	11452341	C	T	intergenic_region	MODIFIER	SORBI_3009G080900-SORBI_3009G081100	SORBI_3009G080900-SORBI_3009G081100			
S09_17577390	09	17577390	G	A	intergenic_region	MODIFIER	SORBI_3009G090400-SORBI_3009G090500	SORBI_3009G090400-SORBI_3009G090500			
S01_48675865	01	48675865	A	G	intergenic_region	MODIFIER	SORBI_3001G263801-SORBI_3001G263900	SORBI_3001G263801-SORBI_3001G263900			
S09_48556061	09	48556061	G	T	intergenic_region	MODIFIER	SORBI_3009G132000-SORBI_3009G132100	SORBI_3009G132000-SORBI_3009G132100			
S09_45077058	09	45077058	A	AC	intergenic_region	MODIFIER	U5-SORBI_3009G112450	ENSRNA049481000-SORBI_3009G112450			
S04_42269436	04	42269436	T	C	intergenic_region	MODIFIER	SORBI_3004G142700-SORBI_3004G142800	SORBI_3004G142700-SORBI_3004G142800			
S05_42671570	05	42671570	A	G	intergenic_region	MODIFIER	SORBI_3005G114101-SORBI_3005G114201	SORBI_3005G114101-SORBI_3005G114201			
S07_14004420	07	14004420	T	C	intergenic_region	MODIFIER	SORBI_3007G090463-SORBI_3007G090466	SORBI_3007G090463-SORBI_3007G090466			
S03_55248829	03	55248829	T	C	intergenic_region	MODIFIER	SORBI_3003G216800-SORBI_3003G216901	SORBI_3003G216800-SORBI_3003G216901			
S10_15770653	10	15770653	A	G	intergenic_region	MODIFIER	SORBI_3010G126000-SORBI_3010G126100	SORBI_3010G126000-SORBI_3010G126100			
S05_43572078	05	43572078	G	C	intergenic_region	MODIFIER	SORBI_3005G114500-SORBI_3005G114600	SORBI_3005G114500-SORBI_3005G114600			
S02_27595387	02	27595387	G	A	downstream_gene_variant	MODIFIER	SORBI_3002G145200	SORBI_3002G145200			
S02_45825101	02	45825101	T	C	intergenic_region	MODIFIER	SORBI_3002G153200-SORBI_3002G153400	SORBI_3002G153200-SORBI_3002G153400			
S07_32199476	07	32199476	G	A	intergenic_region	MODIFIER	SORBI_3007G103600-SORBI_3007G103666	SORBI_3007G103600-SORBI_3007G103666			
S06_37030650	06	37030650	C	A	intergenic_region	MODIFIER	SORBI_3006G050050-SORBI_3006G050100	SORBI_3006G050050-SORBI_3006G050100			
SSUPER_28_520425	SUPER_28	520425	T	G		MODIFIER					
S05_44566812	05	44566812	GGCCATCCAAGGCGACCA	G	intergenic_region	MODIFIER	SORBI_3005G114900-SORBI_3005G115000	SORBI_3005G114900-SORBI_3005G115000			
S08_47632325	08	47632325	G	A	intergenic_region	MODIFIER	SORBI_3008G100400-SORBI_3008G100600	SORBI_3008G100400-SORBI_3008G100600			
S01_80084493	01	80084493	T	C	upstream_gene_variant	MODIFIER	SORBI_3001G538100	SORBI_3001G538100			
S01_6237519	01	6237519	T	C	downstream_gene_variant	MODIFIER	SORBI_3001G080800	SORBI_3001G080800			
S02_14600182	02	14600182	C	T	intergenic_region	MODIFIER	SORBI_3002G117600-SORBI_3002G117700	SORBI_3002G117600-SORBI_3002G117700			
SSUPER_22_9747	SUPER_22	9747	G	C		MODIFIER					
S06_4289195	06	4289195	A	G	intergenic_region	MODIFIER	SORBI_3006G024800-SORBI_3006G025000	SORBI_3006G024800-SORBI_3006G025000			
S05_38555169	05	38555169	T	C	intergenic_region	MODIFIER	SORBI_3005G112300-SORBI_3005G112400	SORBI_3005G112300-SORBI_3005G112400			
S08_12458968	08	12458968	A	T	intergenic_region	MODIFIER	SORBI_3008G078800-SORBI_3008G078900	SORBI_3008G078800-SORBI_3008G078900			
S03_6969995	03	6969995	C	T	intron_variant	MODIFIER	SORBI_3003G081000	SORBI_3003G081000			
S01_74744901	01	74744901	G	A	upstream_gene_variant	MODIFIER	SORBI_3001G475200	SORBI_3001G475200			
S05_19751811	05	19751811	C	T	intergenic_region	MODIFIER	SORBI_3005G105600-SORBI_3005G105700	SORBI_3005G105600-SORBI_3005G105700			
S08_51260268	08	51260268	T	G	intergenic_region	MODIFIER	SORBI_3008G110000-SORBI_3008G110050	SORBI_3008G110000-SORBI_3008G110050			
S04_47746870	04	47746870	G	A	intergenic_region	MODIFIER	SORBI_3004G150901-SORBI_3004G151000	SORBI_3004G150901-SORBI_3004G151000			
S06_3218742	06	3218742	C	A	intergenic_region	MODIFIER	SORBI_3006G018900-SORBI_3006G019000	SORBI_3006G018900-SORBI_3006G019000			
S01_68109359	01	68109359	C	G	upstream_gene_variant	MODIFIER	SORBI_3001G395150	SORBI_3001G395150			
S06_303489	06	303489	A	C	missense_variant	MODERATE	SORBI_3006G001600	SORBI_3006G001600			
S07_42000724	07	42000724	G	A	intergenic_region	MODIFIER	SORBI_3007G111600-SORBI_3007G111700	SORBI_3007G111600-SORBI_3007G111700			
S09_30778209	09	30778209	G	T	downstream_gene_variant	MODIFIER	SORBI_3009G095720	SORBI_3009G095720			
S05_17852265	05	17852265	G	A	intergenic_region	MODIFIER	SORBI_3005G102401-SORBI_3005G102451	SORBI_3005G102401-SORBI_3005G102451			
SSUPER_35_44948	SUPER_35	44948	C	A		MODIFIER					
S01_32486341	01	32486341	C	T	intergenic_region	MODIFIER	SORBI_3001G261200-SORBI_3001G261250	SORBI_3001G261200-SORBI_3001G261250			
S05_52212176	05	52212176	T	TC	upstream_gene_variant	MODIFIER	SORBI_3005G119950	SORBI_3005G119950			
S08_43158211	08	43158211	T	C	intergenic_region	MODIFIER	SORBI_3008G093200-SORBI_3008G093500	SORBI_3008G093200-SORBI_3008G093500			
S10_39421817	10	39421817	A	G	3_prime_UTR_variant	MODIFIER	SORBI_3010G144500	SORBI_3010G144500			
S06_17840082	06	17840082	A	T	intergenic_region	MODIFIER	SORBI_3006G039400-SORBI_3006G039500	SORBI_3006G039400-SORBI_3006G039500			
S03_72957321	03	72957321	C	T	intergenic_region	MODIFIER	SORBI_3003G425100-SORBI_3003G425200	SORBI_3003G425100-SORBI_3003G425200			
S01_3996921	01	3996921	C	T	upstream_gene_variant	MODIFIER	SORBI_3001G053601	SORBI_3001G053601			
S01_30342461	01	30342461	G	A	intergenic_region	MODIFIER	SORBI_3001G257200-SORBI_3001G257300	SORBI_3001G257200-SORBI_3001G257300			
S03_19178065	03	19178065	G	A	intergenic_region	MODIFIER	SORBI_3003G161200-SORBI_3003G161300	SORBI_3003G161200-SORBI_3003G161300			
S02_20642960	02	20642960	C	T	intergenic_region	MODIFIER	SORBI_3002G136400-SORBI_3002G136500	SORBI_3002G136400-SORBI_3002G136500			
S01_68461376	01	68461376	G	A	upstream_gene_variant	MODIFIER	SORBI_3001G398800	SORBI_3001G398800			
S07_38421086	07	38421086	A	G	intergenic_region	MODIFIER	SORBI_3007G106800-SORBI_3007G106900	SORBI_3007G106800-SORBI_3007G106900			
S08_29265057	08	29265057	G	A	intergenic_region	MODIFIER	SORBI_3008G088887-SORBI_3008G088890	SORBI_3008G088887-SORBI_3008G088890			
SSUPER_45_66550	SUPER_45	66550	T	C		MODIFIER					
S06_49613462	06	49613462	C	T	upstream_gene_variant	MODIFIER	SORBI_3006G131800	SORBI_3006G131800			
S05_19539643	05	19539643	G	A	upstream_gene_variant	MODIFIER	SORBI_3005G105600	SORBI_3005G105600			
S04_55019368	04	55019368	C	T	upstream_gene_variant	MODIFIER	SORBI_3004G198900	SORBI_3004G198900			
S05_22549113	05	22549113	T	C	intergenic_region	MODIFIER	SORBI_3005G109300-SORBI_3005G109400	SORBI_3005G109300-SORBI_3005G109400			
SSUPER_71_31112	SUPER_71	31112	C	T		MODIFIER					
S08_53820954	08	53820954	C	T	intergenic_region	MODIFIER	SORBI_3008G121240-SORBI_3008G121400	SORBI_3008G121240-SORBI_3008G121400			
S06_36392818	06	36392818	C	T	intergenic_region	MODIFIER	SORBI_3006G049666-SORBI_3006G049700	SORBI_3006G049666-SORBI_3006G049700			
S02_36527660	02	36527660	C	T	intergenic_region	MODIFIER	SORBI_3002G147433-SORBI_3002G147466	SORBI_3002G147433-SORBI_3002G147466			
S09_43436902	09	43436902	C	T	intergenic_region	MODIFIER	SORBI_3009G108050-SORBI_3009G108300	SORBI_3009G108050-SORBI_3009G108300			
S02_33322700	02	33322700	G	C	intergenic_region	MODIFIER	SORBI_3002G147400-MIR444	SORBI_3002G147400-ENSRNA049465492			
S02_48940388	02	48940388	G	A	intergenic_region	MODIFIER	SORBI_3002G158401-SORBI_3002G158500	SORBI_3002G158401-SORBI_3002G158500			
S10_50966073	10	50966073	G	A	intergenic_region	MODIFIER	SORBI_3010G174100-SORBI_3010G174300	SORBI_3010G174100-SORBI_3010G174300			
S05_19343103	05	19343103	T	C	intergenic_region	MODIFIER	sbi-MIR172f-SORBI_3005G105300	ENSRNA049996183-SORBI_3005G105300			
S02_46733037	02	46733037	A	G	intergenic_region	MODIFIER	SORBI_3002G154000-SORBI_3002G154100	SORBI_3002G154000-SORBI_3002G154100			
