ID	CHROM	POS	REF	Allele	Annotation	Annotation_Impact	Gene_Name	Gene_ID	Feature_Type	Feature_ID	Transcript_BioType
S01_6237519	01	6237519	T	C	downstream_gene_variant	MODIFIER	SORBI_3001G080800	SORBI_3001G080800			
S01_15431375	01	15431375	A	G	upstream_gene_variant	MODIFIER	SORBI_3001G182200	SORBI_3001G182200			
S01_15851113	01	15851113	A	G	upstream_gene_variant	MODIFIER	SORBI_3001G185400	SORBI_3001G185400			
S01_23846414	01	23846414	GC	G	intergenic_region	MODIFIER	SORBI_3001G236050-SORBI_3001G236200	SORBI_3001G236050-SORBI_3001G236200			
S01_25299073	01	25299073	A	T	downstream_gene_variant	MODIFIER	SORBI_3001G243666	SORBI_3001G243666			
S01_30342461	01	30342461	G	A	intergenic_region	MODIFIER	SORBI_3001G257200-SORBI_3001G257300	SORBI_3001G257200-SORBI_3001G257300			
S01_32486341	01	32486341	C	T	intergenic_region	MODIFIER	SORBI_3001G261200-SORBI_3001G261250	SORBI_3001G261200-SORBI_3001G261250			
S01_33248621	01	33248621	GC	G	intergenic_region	MODIFIER	SORBI_3001G261400-SORBI_3001G261404	SORBI_3001G261400-SORBI_3001G261404			
S01_53929863	01	53929863	G	A	5_prime_UTR_variant	MODIFIER	SORBI_3001G276600	SORBI_3001G276600			
S01_54331082	01	54331082	T	TC	intergenic_region	MODIFIER	SORBI_3001G278600-SORBI_3001G278700	SORBI_3001G278600-SORBI_3001G278700			
S01_54643354	01	54643354	G	A	intergenic_region	MODIFIER	SORBI_3001G279701-SORBI_3001G279800	SORBI_3001G279701-SORBI_3001G279800			
S01_56825627	01	56825627	C	T	intergenic_region	MODIFIER	SORBI_3001G291400-SORBI_3001G291500	SORBI_3001G291400-SORBI_3001G291500			
S01_74744901	01	74744901	G	A	upstream_gene_variant	MODIFIER	SORBI_3001G475200	SORBI_3001G475200			
S01_79407907	01	79407907	C	T	upstream_gene_variant	MODIFIER	SORBI_3001G530350	SORBI_3001G530350			
S01_80084493	01	80084493	T	C	upstream_gene_variant	MODIFIER	SORBI_3001G538100	SORBI_3001G538100			
S02_3790197	02	3790197	T	C	intergenic_region	MODIFIER	SORBI_3002G038866-SORBI_3002G039000	SORBI_3002G038866-SORBI_3002G039000			
S02_10908653	02	10908653	T	C	intergenic_region	MODIFIER	SORBI_3002G099350-SORBI_3002G099401	SORBI_3002G099350-SORBI_3002G099401			
S02_14600182	02	14600182	C	T	intergenic_region	MODIFIER	SORBI_3002G117600-SORBI_3002G117700	SORBI_3002G117600-SORBI_3002G117700			
S02_15180323	02	15180323	ACGAATTTTACCAGACAAATTAGATATAAACCTTCTGATAAAATTTACCTTGC	A	intergenic_region	MODIFIER	SORBI_3002G120250-SORBI_3002G120300	SORBI_3002G120250-SORBI_3002G120300			
S02_15300590	02	15300590	A	G	intergenic_region	MODIFIER	SORBI_3002G120300-SORBI_3002G120400	SORBI_3002G120300-SORBI_3002G120400			
S02_15301873	02	15301873	T	G	intergenic_region	MODIFIER	SORBI_3002G120300-SORBI_3002G120400	SORBI_3002G120300-SORBI_3002G120400			
S02_15305336	02	15305336	C	T	intergenic_region	MODIFIER	SORBI_3002G120300-SORBI_3002G120400	SORBI_3002G120300-SORBI_3002G120400			
S02_16909819	02	16909819	C	T	upstream_gene_variant	MODIFIER	SORBI_3002G125300	SORBI_3002G125300			
S02_17005336	02	17005336	G	A	intergenic_region	MODIFIER	SORBI_3002G125800-SORBI_3002G125900	SORBI_3002G125800-SORBI_3002G125900			
S02_20885596	02	20885596	C	A	intergenic_region	MODIFIER	SORBI_3002G137100-SORBI_3002G137200	SORBI_3002G137100-SORBI_3002G137200			
S02_20912485	02	20912485	G	T	downstream_gene_variant	MODIFIER	SORBI_3002G137300	SORBI_3002G137300			
S02_22183669	02	22183669	A	T	intergenic_region	MODIFIER	SORBI_3002G139700-sbi-MIR172d	SORBI_3002G139700-ENSRNA049996725			
S02_27381981	02	27381981	T	C	intergenic_region	MODIFIER	SORBI_3002G144966-SORBI_3002G145000	SORBI_3002G144966-SORBI_3002G145000			
S02_29300200	02	29300200	G	A	intergenic_region	MODIFIER	SORBI_3002G146100-SORBI_3002G146200	SORBI_3002G146100-SORBI_3002G146200			
S02_34730774	02	34730774	G	A	intergenic_region	MODIFIER	MIR444-MIR444	ENSRNA049465492-ENSRNA049465688			
S02_36897150	02	36897150	T	C	intergenic_region	MODIFIER	SORBI_3002G147500-SORBI_3002G147600	SORBI_3002G147500-SORBI_3002G147600			
S02_40818042	02	40818042	C	T	intergenic_region	MODIFIER	SORBI_3002G148900-SORBI_3002G149000	SORBI_3002G148900-SORBI_3002G149000			
S02_43543785	02	43543785	C	T	intergenic_region	MODIFIER	SORBI_3002G150733-SORBI_3002G150766	SORBI_3002G150733-SORBI_3002G150766			
S02_45624024	02	45624024	A	G	upstream_gene_variant	MODIFIER	SORBI_3002G153050	SORBI_3002G153050			
S02_45825101	02	45825101	T	C	intergenic_region	MODIFIER	SORBI_3002G153200-SORBI_3002G153400	SORBI_3002G153200-SORBI_3002G153400			
S02_48940388	02	48940388	G	A	intergenic_region	MODIFIER	SORBI_3002G158401-SORBI_3002G158500	SORBI_3002G158401-SORBI_3002G158500			
S02_69461644	02	69461644	G	A	synonymous_variant	LOW	SORBI_3002G323400	SORBI_3002G323400			
S03_15877741	03	15877741	T	C	upstream_gene_variant	MODIFIER	SORBI_3003G150700	SORBI_3003G150700			
S03_29721652	03	29721652	T	C	intergenic_region	MODIFIER	SORBI_3003G169900-SORBI_3003G169966	SORBI_3003G169900-SORBI_3003G169966			
S03_31926204	03	31926204	G	C	intergenic_region	MODIFIER	SORBI_3003G170700-SORBI_3003G170800	SORBI_3003G170700-SORBI_3003G170800			
S03_31978175	03	31978175	G	A	intergenic_region	MODIFIER	SORBI_3003G170700-SORBI_3003G170800	SORBI_3003G170700-SORBI_3003G170800			
S03_41596124	03	41596124	G	A	intergenic_region	MODIFIER	SORBI_3003G174400-SORBI_3003G174425	SORBI_3003G174400-SORBI_3003G174425			
S03_46666123	03	46666123	C	T	intergenic_region	MODIFIER	SORBI_3003G179201-SORBI_3003G179300	SORBI_3003G179201-SORBI_3003G179300			
S03_49737149	03	49737149	A	G	intergenic_region	MODIFIER	SORBI_3003G185100-SORBI_3003G185200	SORBI_3003G185100-SORBI_3003G185200			
S03_53433817	03	53433817	T	A	upstream_gene_variant	MODIFIER	SORBI_3003G204400	SORBI_3003G204400			
S03_69592442	03	69592442	A	T	upstream_gene_variant	MODIFIER	SORBI_3003G382400	SORBI_3003G382400			
S03_69694123	03	69694123	G	GA	upstream_gene_variant	MODIFIER	SORBI_3003G383900	SORBI_3003G383900			
S04_10668449	04	10668449	G	T	upstream_gene_variant	MODIFIER	SORBI_3004G110200	SORBI_3004G110200			
S04_10981940	04	10981940	T	C	intergenic_region	MODIFIER	SORBI_3004G111400-SORBI_3004G111500	SORBI_3004G111400-SORBI_3004G111500			
S04_33750606	04	33750606	G	A	intergenic_region	MODIFIER	SORBI_3004G135700-SORBI_3004G135800	SORBI_3004G135700-SORBI_3004G135800			
S04_35252218	04	35252218	C	T	intergenic_region	MODIFIER	SORBI_3004G136366-SORBI_3004G136400	SORBI_3004G136366-SORBI_3004G136400			
S04_39787599	04	39787599	G	A	intergenic_region	MODIFIER	SORBI_3004G138800-SORBI_3004G138850	SORBI_3004G138800-SORBI_3004G138850			
S04_41975953	04	41975953	T	C	intergenic_region	MODIFIER	SORBI_3004G142000-SORBI_3004G142201	SORBI_3004G142000-SORBI_3004G142201			
S04_42451938	04	42451938	G	A	intergenic_region	MODIFIER	SORBI_3004G142800-SORBI_3004G142900	SORBI_3004G142800-SORBI_3004G142900			
S04_43304187	04	43304187	A	G	intergenic_region	MODIFIER	SORBI_3004G143700-SORBI_3004G143801	SORBI_3004G143700-SORBI_3004G143801			
S04_47746870	04	47746870	G	A	intergenic_region	MODIFIER	SORBI_3004G150901-SORBI_3004G151000	SORBI_3004G150901-SORBI_3004G151000			
S04_49746057	04	49746057	C	T	intergenic_region	MODIFIER	SORBI_3004G156950-SORBI_3004G157000	SORBI_3004G156950-SORBI_3004G157000			
S04_50373103	04	50373103	A	G	intergenic_region	MODIFIER	SORBI_3004G158300-SORBI_3004G158400	SORBI_3004G158300-SORBI_3004G158400			
S04_65247351	04	65247351	T	C	upstream_gene_variant	MODIFIER	SORBI_3004G316600	SORBI_3004G316600			
S04_68494694	04	68494694	A	G	upstream_gene_variant	MODIFIER	SORBI_3004G358400	SORBI_3004G358400			
S04_68616335	04	68616335	C	A	intergenic_region	MODIFIER	SORBI_3004G359300-SORBI_3004G359400	SORBI_3004G359300-SORBI_3004G359400			
S05_86949	05	86949	G	GC	upstream_gene_variant	MODIFIER	SORBI_3005G001000	SORBI_3005G001000			
S05_9652213	05	9652213	A	G	intergenic_region	MODIFIER	SORBI_3005G077900-SORBI_3005G077933	SORBI_3005G077900-SORBI_3005G077933			
S05_15302602	05	15302602	A	G	upstream_gene_variant	MODIFIER	SORBI_3005G096932	SORBI_3005G096932			
S05_19343103	05	19343103	T	C	intergenic_region	MODIFIER	sbi-MIR172f-SORBI_3005G105300	ENSRNA049996183-SORBI_3005G105300			
S05_19343783	05	19343783	T	C	intergenic_region	MODIFIER	sbi-MIR172f-SORBI_3005G105300	ENSRNA049996183-SORBI_3005G105300			
S05_42518235	05	42518235	T	C	intergenic_region	MODIFIER	SORBI_3005G114101-SORBI_3005G114201	SORBI_3005G114101-SORBI_3005G114201			
S05_43112348	05	43112348	A	G	intergenic_region	MODIFIER	SORBI_3005G114400-SORBI_3005G114500	SORBI_3005G114400-SORBI_3005G114500			
S05_44566812	05	44566812	GGCCATCCAAGGCGACCA	G	intergenic_region	MODIFIER	SORBI_3005G114900-SORBI_3005G115000	SORBI_3005G114900-SORBI_3005G115000			
S05_46166106	05	46166106	G	A	intergenic_region	MODIFIER	SSU_rRNA_eukarya-SORBI_3005G115200	ENSRNA049485575-SORBI_3005G115200			
S05_52212176	05	52212176	T	TC	upstream_gene_variant	MODIFIER	SORBI_3005G119950	SORBI_3005G119950			
S05_53519435	05	53519435	G	A	intergenic_region	MODIFIER	SORBI_3005G121300-SORBI_3005G121500	SORBI_3005G121300-SORBI_3005G121500			
S05_54170632	05	54170632	C	G	intergenic_region	MODIFIER	SORBI_3005G123700-SORBI_3005G123900	SORBI_3005G123700-SORBI_3005G123900			
S05_55873894	05	55873894	T	C	intergenic_region	MODIFIER	SORBI_3005G129000-SORBI_3005G129100	SORBI_3005G129000-SORBI_3005G129100			
S05_56923267	05	56923267	T	TA	intergenic_region	MODIFIER	SORBI_3005G130600-SORBI_3005G130700	SORBI_3005G130600-SORBI_3005G130700			
S05_71260747	05	71260747	A	G	intergenic_region	MODIFIER	SORBI_3005G225800-SORBI_3005G226000	SORBI_3005G225800-SORBI_3005G226000			
S05_71842769	05	71842769	G	A	intergenic_region	MODIFIER	SORBI_3005G232200-CHR_END	SORBI_3005G232200-CHR_END			
S06_303489	06	303489	A	C	missense_variant	MODERATE	SORBI_3006G001600	SORBI_3006G001600			
S06_1848509	06	1848509	C	T	3_prime_UTR_variant	MODIFIER	SORBI_3006G012500	SORBI_3006G012500			
S06_9641475	06	9641475	C	T	intergenic_region	MODIFIER	SORBI_3006G034275-SORBI_3006G034300	SORBI_3006G034275-SORBI_3006G034300			
S06_10158137	06	10158137	G	C	intergenic_region	MODIFIER	SORBI_3006G034800-SORBI_3006G034900	SORBI_3006G034800-SORBI_3006G034900			
S06_15373250	06	15373250	C	T	downstream_gene_variant	MODIFIER	SORBI_3006G038200	SORBI_3006G038200			
S06_16226239	06	16226239	C	T	intergenic_region	MODIFIER	SORBI_3006G038500-SORBI_3006G038700	SORBI_3006G038500-SORBI_3006G038700			
S06_17840082	06	17840082	A	T	intergenic_region	MODIFIER	SORBI_3006G039400-SORBI_3006G039500	SORBI_3006G039400-SORBI_3006G039500			
S06_23343140	06	23343140	G	A	intergenic_region	MODIFIER	SORBI_3006G040401-SORBI_3006G040500	SORBI_3006G040401-SORBI_3006G040500			
S06_24095922	06	24095922	G	A	intergenic_region	MODIFIER	SORBI_3006G040401-SORBI_3006G040500	SORBI_3006G040401-SORBI_3006G040500			
S06_27462632	06	27462632	C	A	intergenic_region	MODIFIER	SORBI_3006G041700-SORBI_3006G041750	SORBI_3006G041700-SORBI_3006G041750			
S06_27508373	06	27508373	A	G	intergenic_region	MODIFIER	SORBI_3006G041700-SORBI_3006G041750	SORBI_3006G041700-SORBI_3006G041750			
S06_31056701	06	31056701	G	A	intergenic_region	MODIFIER	SORBI_3006G044466-SORBI_3006G044532	SORBI_3006G044466-SORBI_3006G044532			
S06_35853680	06	35853680	GATTGCT	G	intergenic_region	MODIFIER	SORBI_3006G049450-SORBI_3006G049600	SORBI_3006G049450-SORBI_3006G049600			
S06_36294859	06	36294859	G	A	intergenic_region	MODIFIER	SORBI_3006G049666-SORBI_3006G049700	SORBI_3006G049666-SORBI_3006G049700			
S06_36392818	06	36392818	C	T	intergenic_region	MODIFIER	SORBI_3006G049666-SORBI_3006G049700	SORBI_3006G049666-SORBI_3006G049700			
S06_37030650	06	37030650	C	A	intergenic_region	MODIFIER	SORBI_3006G050050-SORBI_3006G050100	SORBI_3006G050050-SORBI_3006G050100			
S06_45195301	06	45195301	T	C	3_prime_UTR_variant	MODIFIER	SORBI_3006G083201	SORBI_3006G083201			
S06_46706107	06	46706107	A	G	upstream_gene_variant	MODIFIER	SORBI_3006G097300	SORBI_3006G097300			
S06_46706131	06	46706131	T	C	upstream_gene_variant	MODIFIER	SORBI_3006G097300	SORBI_3006G097300			
S06_49613462	06	49613462	C	T	upstream_gene_variant	MODIFIER	SORBI_3006G131800	SORBI_3006G131800			
S06_58675347	06	58675347	C	T	intron_variant	MODIFIER	SORBI_3006G247500	SORBI_3006G247500			
S07_13484502	07	13484502	T	C	intergenic_region	MODIFIER	SORBI_3007G090424-SORBI_3007G090427	SORBI_3007G090424-SORBI_3007G090427			
S07_14004420	07	14004420	T	C	intergenic_region	MODIFIER	SORBI_3007G090463-SORBI_3007G090466	SORBI_3007G090463-SORBI_3007G090466			
S07_14005033	07	14005033	T	G	intergenic_region	MODIFIER	SORBI_3007G090463-SORBI_3007G090466	SORBI_3007G090463-SORBI_3007G090466			
S07_19497889	07	19497889	C	T	intergenic_region	MODIFIER	SORBI_3007G098050-SORBI_3007G098100	SORBI_3007G098050-SORBI_3007G098100			
S07_19607273	07	19607273	C	G	intergenic_region	MODIFIER	SORBI_3007G098400-tRNA-His	SORBI_3007G098400-ENSRNA049440638			
S07_21611661	07	21611661	T	G	intergenic_region	MODIFIER	SORBI_3007G099100-SORBI_3007G099133	SORBI_3007G099100-SORBI_3007G099133			
S07_31511051	07	31511051	A	G	intergenic_region	MODIFIER	SORBI_3007G103400-SORBI_3007G103500	SORBI_3007G103400-SORBI_3007G103500			
S07_32199476	07	32199476	G	A	intergenic_region	MODIFIER	SORBI_3007G103600-SORBI_3007G103666	SORBI_3007G103600-SORBI_3007G103666			
S07_38421086	07	38421086	A	G	intergenic_region	MODIFIER	SORBI_3007G106800-SORBI_3007G106900	SORBI_3007G106800-SORBI_3007G106900			
S07_41137510	07	41137510	G	A	intergenic_region	MODIFIER	SORBI_3007G111100-SORBI_3007G111150	SORBI_3007G111100-SORBI_3007G111150			
S07_41284085	07	41284085	G	C	intergenic_region	MODIFIER	SORBI_3007G111200-SORBI_3007G111300	SORBI_3007G111200-SORBI_3007G111300			
S07_42000724	07	42000724	G	A	intergenic_region	MODIFIER	SORBI_3007G111600-SORBI_3007G111700	SORBI_3007G111600-SORBI_3007G111700			
S07_46282208	07	46282208	C	T	intergenic_region	MODIFIER	SORBI_3007G113900-SORBI_3007G113950	SORBI_3007G113900-SORBI_3007G113950			
S07_51278488	07	51278488	G	T	intergenic_region	MODIFIER	SORBI_3007G119000-SORBI_3007G119101	SORBI_3007G119000-SORBI_3007G119101			
S08_11235420	08	11235420	A	G	intergenic_region	MODIFIER	SORBI_3008G075600-SORBI_3008G075700	SORBI_3008G075600-SORBI_3008G075700			
S08_19035587	08	19035587	C	T	intergenic_region	MODIFIER	SORBI_3008G088450-SORBI_3008G088500	SORBI_3008G088450-SORBI_3008G088500			
S08_29264807	08	29264807	C	T	intergenic_region	MODIFIER	SORBI_3008G088887-SORBI_3008G088890	SORBI_3008G088887-SORBI_3008G088890			
S08_29896136	08	29896136	A	G	intergenic_region	MODIFIER	SORBI_3008G088890-SORBI_3008G088900	SORBI_3008G088890-SORBI_3008G088900			
S08_29896148	08	29896148	C	G	intergenic_region	MODIFIER	SORBI_3008G088890-SORBI_3008G088900	SORBI_3008G088890-SORBI_3008G088900			
S08_43158211	08	43158211	T	C	intergenic_region	MODIFIER	SORBI_3008G093200-SORBI_3008G093500	SORBI_3008G093200-SORBI_3008G093500			
S08_44282516	08	44282516	T	C	intergenic_region	MODIFIER	SORBI_3008G094150-SORBI_3008G094300	SORBI_3008G094150-SORBI_3008G094300			
S08_46869202	08	46869202	G	A	intergenic_region	MODIFIER	SORBI_3008G098700-SORBI_3008G098800	SORBI_3008G098700-SORBI_3008G098800			
S08_47632325	08	47632325	G	A	intergenic_region	MODIFIER	SORBI_3008G100400-SORBI_3008G100600	SORBI_3008G100400-SORBI_3008G100600			
S08_48686327	08	48686327	T	C	intergenic_region	MODIFIER	SORBI_3008G102532-SORBI_3008G102600	SORBI_3008G102532-SORBI_3008G102600			
S08_50127792	08	50127792	T	C	intergenic_region	MODIFIER	SORBI_3008G106400-SORBI_3008G106500	SORBI_3008G106400-SORBI_3008G106500			
S08_50565728	08	50565728	C	T	intergenic_region	MODIFIER	SORBI_3008G107300-SORBI_3008G107500	SORBI_3008G107300-SORBI_3008G107500			
S08_50786070	08	50786070	C	T	intergenic_region	MODIFIER	SORBI_3008G109300-SORBI_3008G109400	SORBI_3008G109300-SORBI_3008G109400			
S08_53820954	08	53820954	C	T	intergenic_region	MODIFIER	SORBI_3008G121240-SORBI_3008G121400	SORBI_3008G121240-SORBI_3008G121400			
S08_54732141	08	54732141	T	C	upstream_gene_variant	MODIFIER	SORBI_3008G124000	SORBI_3008G124000			
S08_56884109	08	56884109	C	T	intergenic_region	MODIFIER	SORBI_3008G139100-SORBI_3008G139200	SORBI_3008G139100-SORBI_3008G139200			
S09_11937489	09	11937489	A	T	intergenic_region	MODIFIER	SORBI_3009G082300-SORBI_3009G082400	SORBI_3009G082300-SORBI_3009G082400			
S09_14708780	09	14708780	C	A	intergenic_region	MODIFIER	SORBI_3009G086800-SORBI_3009G086900	SORBI_3009G086800-SORBI_3009G086900			
S09_18169374	09	18169374	C	T	intergenic_region	MODIFIER	SORBI_3009G090800-SORBI_3009G090900	SORBI_3009G090800-SORBI_3009G090900			
S09_21354215	09	21354215	G	A	intergenic_region	MODIFIER	SORBI_3009G092300-SORBI_3009G092400	SORBI_3009G092300-SORBI_3009G092400			
S09_21942113	09	21942113	G	A	intergenic_region	MODIFIER	SORBI_3009G092400-SORBI_3009G092601	SORBI_3009G092400-SORBI_3009G092601			
S09_25217724	09	25217724	G	A	intergenic_region	MODIFIER	SORBI_3009G094600-SORBI_3009G094700	SORBI_3009G094600-SORBI_3009G094700			
S09_26681222	09	26681222	C	T	intergenic_region	MODIFIER	SORBI_3009G095400-SORBI_3009G095480	SORBI_3009G095400-SORBI_3009G095480			
S09_34961209	09	34961209	G	A	intergenic_region	MODIFIER	SORBI_3009G097100-SORBI_3009G097200	SORBI_3009G097100-SORBI_3009G097200			
S09_37284538	09	37284538	GGACACGTATCTTTT	G	intergenic_region	MODIFIER	SORBI_3009G098601-SORBI_3009G098700	SORBI_3009G098601-SORBI_3009G098700			
S09_39474248	09	39474248	G	C	intergenic_region	MODIFIER	SORBI_3009G100200-SORBI_3009G100300	SORBI_3009G100200-SORBI_3009G100300			
S09_42655546	09	42655546	C	T	downstream_gene_variant	MODIFIER	SORBI_3009G105000	SORBI_3009G105000			
S09_45077058	09	45077058	A	AC	intergenic_region	MODIFIER	U5-SORBI_3009G112450	ENSRNA049481000-SORBI_3009G112450			
S10_9581381	10	9581381	A	G	upstream_gene_variant	MODIFIER	SORBI_3010G102800	SORBI_3010G102800			
S10_13769783	10	13769783	T	C	intergenic_region	MODIFIER	SORBI_3010G120200-SORBI_3010G120300	SORBI_3010G120200-SORBI_3010G120300			
S10_18362807	10	18362807	A	T	intergenic_region	MODIFIER	SORBI_3010G132600-SORBI_3010G132700	SORBI_3010G132600-SORBI_3010G132700			
S10_25784536	10	25784536	G	A	intergenic_region	MODIFIER	SORBI_3010G140150-SORBI_3010G140200	SORBI_3010G140150-SORBI_3010G140200			
S10_28256307	10	28256307	G	T	intergenic_region	MODIFIER	SORBI_3010G140600-SORBI_3010G140700	SORBI_3010G140600-SORBI_3010G140700			
S10_33292127	10	33292127	A	G	intergenic_region	MODIFIER	SORBI_3010G140800-SORBI_3010G141001	SORBI_3010G140800-SORBI_3010G141001			
S10_38504754	10	38504754	G	A	intergenic_region	MODIFIER	SORBI_3010G143800-SORBI_3010G143900	SORBI_3010G143800-SORBI_3010G143900			
S10_41083547	10	41083547	G	A	intergenic_region	MODIFIER	SORBI_3010G145300-SORBI_3010G145500	SORBI_3010G145300-SORBI_3010G145500			
SSUPER_18_251740	SUPER_18	251740	C	G		MODIFIER					
SSUPER_22_324186	SUPER_22	324186	C	G		MODIFIER					
SSUPER_27_325942	SUPER_27	325942	C	A		MODIFIER					
SSUPER_28_520425	SUPER_28	520425	T	G		MODIFIER					
SSUPER_32_213143	SUPER_32	213143	C	T		MODIFIER					
SSUPER_35_44948	SUPER_35	44948	C	A		MODIFIER					
SSUPER_80_62297	SUPER_80	62297	G	A		MODIFIER					
